{
	"__comment": "Designed by Xemnes with Cubik Studio - https://cubik.studio",
	"ambientocclusion": false,
	"textures": {
		"particle": "#texture",
		"texture": "#texture"
	},
	"elements": [ 	 
		{
			"__comment": "Cube1",
			"from": [ 0.5, 0, 8 ],
			"to": [ 16.5, 16, 8.000999 ],
			"shade": false,
			"faces": {
				"down": { "uv": [ 9.5, 0, 9.501, 16 ], "texture": "#texture", "rotation": 90 },
				"up": { "uv": [ 9.5, 0, 9.501, 16 ], "texture": "#texture", "rotation": 270 },
				"north": { "uv": [ 0, 0, 16, 16 ], "texture": "#texture" },
				"south": { "uv": [ 0, 0, 16, 16 ], "texture": "#texture" },
				"west": { "uv": [ 6.499, 0, 6.5, 16 ], "texture": "#texture" },
				"east": { "uv": [ 9.5, 0, 9.501, 16 ], "texture": "#texture" }
			}
		},
		{
			"__comment": "Cube1",
			"from": [ 11, 0, 1.001 ],
			"to": [ 11.001, 16, 17.001 ],
			"rotation": { "origin": [ 11, 0, 1.001 ], "axis": "y", "angle": -22.5 },
			"shade": false,
			"faces": {
				"down": { "uv": [ 5.5, 0, 5.501, 16 ], "texture": "#texture" },
				"up": { "uv": [ 5.5, 0, 5.501, 16 ], "texture": "#texture" },
				"north": { "uv": [ 10.499, 0, 10.5, 16 ], "texture": "#texture" },
				"south": { "uv": [ 5.5, 0, 5.501, 16 ], "texture": "#texture" },
				"west": { "uv": [ 0, 0, 16, 16 ], "texture": "#texture" },
				"east": { "uv": [ 0, 0, 16, 16 ], "texture": "#texture" }
			}
		},
		{
			"__comment": "Cube1",
			"from": [ 2.5, 0, 2.501 ],
			"to": [ 2.501, 16, 18.501 ],
			"rotation": { "origin": [ 2.5, 0, 2.501 ], "axis": "y", "angle": 45 },
			"shade": false,
			"faces": {
				"down": { "uv": [ 2, 0, 2.001, 16 ], "texture": "#texture" },
				"up": { "uv": [ 2, 0, 2.001, 16 ], "texture": "#texture" },
				"north": { "uv": [ 13.999, 0, 14, 16 ], "texture": "#texture" },
				"south": { "uv": [ 2, 0, 2.001, 16 ], "texture": "#texture" },
				"west": { "uv": [ 0, 0, 16, 16 ], "texture": "#texture" },
				"east": { "uv": [ 0, 0, 16, 16 ], "texture": "#texture" }
			}
		}
	]
}