{
	"__comment": "Designed by Xemnes with Cubik Studio - https://cubik.studio",
	"ambientocclusion": false,
	"textures": {
		"particle": "#texture",
		"texture": "#texture"
	},
	"elements": [ 	 
		{
			"__comment": "Cube1",
			"from": [ -2.5, 0, 13 ],
			"to": [ 13.5, 16, 13.001 ],
			"shade": false,
			"faces": {
				"north": { "uv": [ 0, 0, 16, 16 ], "texture": "#texture" },
				"south": { "uv": [ 0, 0, 16, 16 ], "texture": "#texture" }
			}
		},
		{
			"__comment": "Cube1",
			"from": [ 8, 0, 6.001 ],
			"to": [ 8.000999, 16, 22.001 ],
			"rotation": { "origin": [ 8, 0, 6.001 ], "axis": "y", "angle": -22.5 },
			"shade": false,
			"faces": {
				"west": { "uv": [ 0, 0, 16, 16 ], "texture": "#texture" },
				"east": { "uv": [ 0, 0, 16, 16 ], "texture": "#texture" }
			}
		},
		{
			"__comment": "Cube1",
			"from": [ -0.5, 0, 7.501 ],
			"to": [ -0.499, 16, 23.501 ],
			"rotation": { "origin": [ -0.5, 0, 7.501 ], "axis": "y", "angle": 45 },
			"shade": false,
			"faces": {
				"west": { "uv": [ 0, 0, 16, 16 ], "texture": "#texture" },
				"east": { "uv": [ 0, 0, 16, 16 ], "texture": "#texture" }
			}
		},
		{
			"__comment": "lavender1",
			"from": [ -4, 0, 9.499 ],
			"to": [ 12, 16, 9.5 ],
			"rotation": { "origin": [ -4, 0, 9.5 ], "axis": "y", "angle": 22.5 },
			"shade": false,
			"faces": {
				"north": { "uv": [ 0, 0, 16, 16 ], "texture": "#texture" },
				"south": { "uv": [ 0, 0, 16, 16 ], "texture": "#texture" }
			}
		},
		{
			"__comment": "PlaneX1",
			"from": [ 2, 0, -2.5 ],
			"to": [ 2.001, 16, 13.5 ],
			"rotation": { "origin": [ 2, 0, -2.5 ], "axis": "y", "angle": 22.5 },
			"shade": false,
			"faces": {
				"west": { "uv": [ 0, 0, 16, 16 ], "texture": "#texture" },
				"east": { "uv": [ 0, 0, 16, 16 ], "texture": "#texture" }
			}
		},
		{
			"__comment": "PlaneX1",
			"from": [ 13.5, 0, -1.5 ],
			"to": [ 13.501, 16, 14.5 ],
			"shade": false,
			"faces": {
				"west": { "uv": [ 0, 0, 16, 16 ], "texture": "#texture" },
				"east": { "uv": [ 0, 0, 16, 16 ], "texture": "#texture" }
			}
		},
		{
			"__comment": "PlaneX1",
			"from": [ 7, 0, -1 ],
			"to": [ 7.001, 16, 15 ],
			"rotation": { "origin": [ 7, 0, -1 ], "axis": "y", "angle": 45 },
			"shade": false,
			"faces": {
				"west": { "uv": [ 0, 0, 16, 16 ], "texture": "#texture" },
				"east": { "uv": [ 0, 0, 16, 16 ], "texture": "#texture" }
			}
		},
		{
			"__comment": "Cube1",
			"from": [ -0.5, -4, 4.5 ],
			"to": [ 15.5, 12, 4.501 ],
			"rotation": { "origin": [ 6, -4, 12 ], "axis": "y", "angle": -22.5 },
			"shade": false,
			"faces": {
				"north": { "uv": [ 0, 0, 16, 16 ], "texture": "#texture" },
				"south": { "uv": [ 0, 0, 16, 16 ], "texture": "#texture" }
			}
		},
		{
			"__comment": "Cube1",
			"from": [ 11.925, -4, -2.6278 ],
			"to": [ 11.926, 12, 13.3722 ],
			"shade": false,
			"faces": {
				"west": { "uv": [ 0, 0, 16, 16 ], "texture": "#texture" },
				"east": { "uv": [ 0, 0, 16, 16 ], "texture": "#texture" }
			}
		},
		{
			"__comment": "lavender",
			"from": [ 6, -4, 11.999 ],
			"to": [ 22, 12, 12 ],
			"rotation": { "origin": [ 6, -4, 12 ], "axis": "y", "angle": 45 },
			"shade": false,
			"faces": {
				"north": { "uv": [ 0, 0, 16, 16 ], "texture": "#texture" },
				"south": { "uv": [ 0, 0, 16, 16 ], "texture": "#texture" }
			}
		}
	]
}