{
	"__comment": "Designed by Xemnes with Cubik Studio - https://cubik.studio",
	"ambientocclusion": false,
	"textures": {
		"particle": "#texture",
		"texture": "#texture"
	},
	"elements": [ 	 
		{
			"__comment": "PlaneX1",
			"from": [ 0, 0, 16.4999 ],
			"to": [ 16, 16, 16.5009 ],
			"rotation": { "origin": [ 16, 0, 16.5 ], "axis": "y", "angle": -45 },
			"shade": false,
			"faces": {
				"north": { "uv": [ 1, 0, 16, 16 ], "texture": "#texture" },
				"south": { "uv": [ 0, 0, 15, 16 ], "texture": "#texture" }
			}
		},
		{
			"__comment": "PlaneX1",
			"from": [ 7.9991, 0, 3.5 ],
			"to": [ 8.000099, 16, 19.5 ],
			"rotation": { "origin": [ 8, 0, 19.5 ], "axis": "y", "angle": -22.5 },
			"shade": false,
			"faces": {
				"west": { "uv": [ 0, 0, 15, 16 ], "texture": "#texture" },
				"east": { "uv": [ 1, 0, 16, 16 ], "texture": "#texture" }
			}
		},
		{
			"__comment": "PlaneX1",
			"from": [ 1, 0, 8.9999 ],
			"to": [ 17, 16, 9.0009 ],
			"rotation": { "origin": [ 17, 0, 9 ], "axis": "y", "angle": 22.5 },
			"shade": false,
			"faces": {
				"north": { "uv": [ 1, 0, 16, 16 ], "texture": "#texture" },
				"south": { "uv": [ 0, 0, 15, 16 ], "texture": "#texture" }
			}
		},
		{
			"__comment": "PlaneX1",
			"from": [ 16, 0, -3 ],
			"to": [ 16.001, 16, 13 ],
			"rotation": { "origin": [ 16, 0, -3 ], "axis": "y", "angle": -45 },
			"shade": false,
			"faces": {
				"west": { "uv": [ 1, 0, 16, 16 ], "texture": "#texture" },
				"east": { "uv": [ 0, 0, 15, 16 ], "texture": "#texture" }
			}
		},
		{
			"__comment": "PlaneX1",
			"from": [ 16.999, 0, -8.5 ],
			"to": [ 17, 16, 7.5 ],
			"rotation": { "origin": [ 17, 0, 7.5 ], "axis": "y", "angle": 45 },
			"shade": false,
			"faces": {
				"west": { "uv": [ 15, 0, 0, 16 ], "texture": "#texture" },
				"east": { "uv": [ 16, 0, 1, 16 ], "texture": "#texture" }
			}
		},
		{
			"__comment": "PlaneX1",
			"from": [ -3.7825, -2.5, 3.8683 ],
			"to": [ 12.2175, 13.5, 3.8693 ],
			"rotation": { "origin": [ 5.5, -2.5, 12 ], "axis": "y", "angle": 22.5 },
			"shade": false,
			"faces": {
				"north": { "uv": [ 16, 0, 1, 16 ], "texture": "#texture" },
				"south": { "uv": [ 15, 0, 0, 16 ], "texture": "#texture" }
			}
		},
		{
			"__comment": "PlaneX1",
			"from": [ 5.499, -2.5, -4 ],
			"to": [ 5.5, 13.5, 12 ],
			"rotation": { "origin": [ 5.5, -2.5, 12 ], "axis": "y", "angle": 22.5 },
			"shade": false,
			"faces": {
				"west": { "uv": [ 0, 0, 15, 16 ], "texture": "#texture" },
				"east": { "uv": [ 1, 0, 16, 16 ], "texture": "#texture" }
			}
		}
	]
}